<?xml version="1.0"?>
<!--
/**
 * ||GEISSWEB| EU VAT Enhanced
 *
 * NOTICE OF LICENSE
 *
 * This source file is subject to the GEISSWEB End User License Agreement
 * that is available through the world-wide-web at this URL: https://www.geissweb.de/legal-information/eula
 *
 * DISCLAIMER
 *
 * Do not edit this file if you wish to update the extension in the future. If you wish to customize the extension
 * for your needs please refer to our support for more information.
 *
 * @copyright   Copyright (c) 2015 GEISS Weblösungen (https://www.geissweb.de)
 * @license     https://www.geissweb.de/legal-information/eula GEISSWEB End User License Agreement
 */
-->
<config xmlns:xsi="http://www.w3.org/2001/XMLSchema-instance" xsi:noNamespaceSchemaLocation="urn:magento:framework:Acl/etc/acl.xsd">
    <acl>
        <resources>
            <resource id="Magento_Backend::admin">
                <resource id="Magento_Backend::stores">
                    <resource id="Magento_Backend::stores_settings">
                        <resource id="Magento_Config::config">
                            <resource id="Geissweb_Euvat::config" title="EU VAT Enhanced Section" translate="title" sortOrder="56"/>
                        </resource>
                    </resource>
                </resource>
                <resource id="Geissweb_Euvat::general" title="EU VAT Enhanced" sortOrder="100">
                    <resource id="Geissweb_Euvat::setup" title="Run VAT Setup" translate="title" sortOrder="10"/>
                    <resource id="Geissweb_Euvat::validation_list" title="Validation Listing" sortOrder="20"/>
                    <resource id="Geissweb_Euvat::validation_usage" title="Validate VAT numbers from Listing" sortOrder="30"/>
                </resource>
            </resource>
        </resources>
    </acl>
</config>
