{
    "quote_address": {
        "column": {
            "vat_trader_name": true,
            "vat_trader_address": true
        }
    },
    "sales_order_address": {
        "column": {
            "vat_trader_name": true,
            "vat_trader_address": true
        }
    },
    "customer_address_entity": {
        "column": {
            "vat_trader_name": true,
            "vat_trader_address": true
        }
    },
    "vat_validation": {
        "column": {
            "validation_id": true,
            "vat_id": true,
            "vat_is_valid": true,
            "vat_request_success": true,
            "request_message": true,
            "vat_request_id": true,
            "vat_request_date": true,
            "vat_trader_name": true,
            "vat_trader_address": true,
            "handle": true
        },
        "constraint": {
            "PRIMARY": true
        }
    }
}