<?xml version="1.0"?>
<!--
/**
 * ||GEISSWEB| EU VAT Enhanced
 *
 * NOTICE OF LICENSE
 *
 * This source file is subject to the GEISSWEB End User License Agreement
 * that is available through the world-wide-web at this URL: https://www.geissweb.de/legal-information/eula
 *
 * DISCLAIMER
 *
 * Do not edit this file if you wish to update the extension in the future. If you wish to customize the extension
 * for your needs please refer to our support for more information.
 *
 * @copyright   Copyright (c) 2015 GEISS Weblösungen (https://www.geissweb.de)
 * @license     https://www.geissweb.de/legal-information/eula GEISSWEB End User License Agreement
 */
-->
<config xmlns:xsi="http://www.w3.org/2001/XMLSchema-instance" xsi:noNamespaceSchemaLocation="urn:magento:framework:Module/etc/module.xsd">
    <module name="Geissweb_Euvat" setup_version="1.8.7">
        <sequence>
            <module name="Magento_Store"/>
            <module name="Magento_Config"/>
            <module name="Magento_Ui"/>
            <module name="Magento_Directory"/>
            <module name="Magento_Backend"/>
            <module name="Magento_AdminNotification"/>
            <module name="Magento_Catalog"/>
            <module name="Magento_Checkout"/>
            <module name="Magento_Customer"/>
            <module name="Magento_Quote"/>
            <module name="Magento_Sales"/>
            <module name="Magento_Tax"/>
            <module name="Magento_Eav"/>
        </sequence>
    </module>
</config>
