<?xml version="1.0"?>
<!--
  Copyright © 2017 Wyomind. All rights reserved.
  See LICENSE.txt for license details.
 -->
<config xmlns:xsi="http://www.w3.org/2001/XMLSchema-instance" xsi:noNamespaceSchemaLocation="urn:magento:module:Magento_Cron:etc/cron_groups.xsd">
    <!-- group for the cronscheduler_heartbeat job -->
    <group id="cronscheduler">
        <schedule_generate_every>1</schedule_generate_every>
        <schedule_ahead_for>20</schedule_ahead_for>
        <schedule_lifetime>15</schedule_lifetime>
        <history_cleanup_every>10</history_cleanup_every>
        <history_success_lifetime>60</history_success_lifetime>
        <history_failure_lifetime>600</history_failure_lifetime>
        <use_separate_process>0</use_separate_process>
    </group>
</config>
