<?xml version="1.0"?>
<!--
/**
 * Mageplaza
 *
 * NOTICE OF LICENSE
 *
 * This source file is subject to the Mageplaza.com license that is
 * available through the world-wide-web at this URL:
 * https://www.mageplaza.com/LICENSE.txt
 *
 * DISCLAIMER
 *
 * Do not edit or add to this file if you wish to upgrade this extension to newer
 * version in the future.
 *
 * @category    Mageplaza
 * @package     Mageplaza_ImportExportCategories
 * @copyright   Copyright (c) Mageplaza (https://www.mageplaza.com/)
 * @license     https://www.mageplaza.com/LICENSE.txt
 */
-->
<config xmlns:xsi="http://www.w3.org/2001/XMLSchema-instance" xsi:noNamespaceSchemaLocation="urn:magento:framework:ObjectManager/etc/config.xsd">
    <type name="Magento\ImportExport\Controller\Adminhtml\Import\Download">
        <plugin name="mp_importexportcategories_download_sample" type="Mageplaza\ImportExportCategories\Plugin\Controller\Import\Download" sortOrder="100"/>
    </type>
    <type name="Magento\ImportExport\Model\Source\Import\Entity">
        <plugin name="mp_importexportcategories_import_entity" type="Mageplaza\ImportExportCategories\Plugin\Model\Source\Import\Entity" sortOrder="110"/>
    </type>
    <type name="Magento\ImportExport\Model\Source\Export\Entity">
        <plugin name="mp_importexportcategories_export_entity" type="Mageplaza\ImportExportCategories\Plugin\Model\Source\Export\Entity" sortOrder="120"/>
    </type>
</config>
