<?xml version="1.0"?>
<!--
 /**
 * @category  Mageants PdfInvoice
 * @package   Mageants_PdfInvoice
 * @copyright Copyright (c) 2018 mageants
 * @author Mageants Team <info@mageants.com>
 */
 -->
<config xmlns:xsi="http://www.w3.org/2001/XMLSchema-instance" xsi:noNamespaceSchemaLocation="urn:magento:framework:Acl/etc/acl.xsd">
    <acl>
        <resources>
            <resource id="Magento_Backend::admin">
                <resource id="Magento_Backend::stores">
                    <resource id="Magento_Backend::stores_settings">
                        <resource id="Magento_Config::config">
                            <resource id="Mageants_PdfInvoice::mageants_pdfinvoice" title="PDF Invoice Section" sortOrder="50"></resource>
                        </resource>
                    </resource>
                </resource>
                <resource id="Magento_Sales::sales">
					<resource id="Mageants_PdfInvoice::pdfinvoice" title="PDF Invoice Manage" translate="title" sortOrder="10">
						<resource id="Mageants_PdfInvoice::pdftemplate" title="PDF Template" translate="title" sortOrder="20">						<resource id="Mageants_PdfInvoice::pdftemplate_grid" title="PDF Template Grid" sortOrder="20" />
								<resource id="Mageants_PdfInvoice::pdftemplate_new_edit" title="Create / Edit PDF Template" sortOrder="20" />
								<resource id="Mageants_PdfInvoice::pdftemplate_save" title="Save PDF Template" sortOrder="20" />
								<resource id="Mageants_PdfInvoice::pdftemplate_delete" title="Delete PDF Template" sortOrder="20" />
								<resource id="Mageants_PdfInvoice::pdftemplate_massdelete" title="Mass Delete PDF Template" sortOrder="20" />
						</resource>	
					</resource>
				</resource>
			</resource>
        </resources>
    </acl>
</config>