<?xml version="1.0"?>
<schema xmlns:xsi="http://www.w3.org/2001/XMLSchema-instance" xsi:noNamespaceSchemaLocation="urn:magento:framework:Setup/Declaration/Schema/etc/schema.xsd">
  <table name="mageants_pdftemplate" resource="default" engine="innodb" comment="mageants_pdftemplate">
    <column xsi:type="int" name="template_id" padding="10" unsigned="true" nullable="false" identity="true" comment="template_id"/>
    <column xsi:type="varchar" name="name" nullable="false" length="255" comment="Pdf Template Name"/>
    <column xsi:type="text" name="template_data" nullable="false" comment="Pdf Template Setting  in serialize form" disabled="true"/>
    <column xsi:type="int" name="store_id" padding="11" unsigned="false" nullable="true" identity="false" comment="Store Id"/>
    <column xsi:type="int" name="status" padding="11" unsigned="false" nullable="true" identity="false" comment="Status"/>
    <column xsi:type="timestamp" name="created_at" on_update="false" nullable="true" comment="Pdf Template Created At"/>
    <column xsi:type="timestamp" name="updated_at" on_update="false" nullable="true" comment="Pdf Template Updated At"/>
    <column xsi:type="int" name="default_template_id" padding="10" unsigned="false" nullable="true" identity="false" comment="Default Template Id"/>
    <constraint xsi:type="primary" referenceId="PRIMARY">
      <column name="template_id"/>
    </constraint>
    <index referenceId="MAGEANTS_PDFTEMPLATE_NAME" indexType="fulltext">
      <column name="name"/>
    </index>
  </table>
  <table name="mageants_order_pdftemplate" resource="default" engine="innodb" comment="mageants_order_pdftemplate">
    <column xsi:type="int" name="id" padding="10" unsigned="true" nullable="false" identity="true" comment="Id"/>
    <column xsi:type="varchar" name="orderfilename" nullable="false" length="255" comment="Pdf Template Name"/>
    <column xsi:type="text" name="invoice_order_data" nullable="false" comment="Pdf Template html"/>
    <column xsi:type="int" name="order_horizontal_barcode" padding="11" unsigned="false" nullable="false" identity="false" default="0" comment="Horizontal Barcode"/>
    <column xsi:type="int" name="order_vertical_barcode" padding="11" unsigned="false" nullable="false" identity="false" default="0" comment="Vertical Barcode place"/>
    <column xsi:type="int" name="template_id" padding="10" unsigned="true" nullable="false" identity="false" comment="pdf template id"/>
    <constraint xsi:type="primary" referenceId="PRIMARY">
      <column name="id"/>
    </constraint>
    <constraint xsi:type="foreign" referenceId="FK_07B204F187C19C40C69E693B74ECF9CD" table="mageants_order_pdftemplate" column="template_id" referenceTable="mageants_pdftemplate" referenceColumn="template_id" onDelete="CASCADE"/>
    <index referenceId="MAGEANTS_ORDER_PDFTEMPLATE_ORDERFILENAME" indexType="fulltext">
      <column name="orderfilename"/>
    </index>
  </table>
  <table name="mageants_invoice_pdftemplate" resource="default" engine="innodb" comment="mageants_invoice_pdftemplate">
    <column xsi:type="int" name="id" padding="10" unsigned="true" nullable="false" identity="true" comment="Id"/>
    <column xsi:type="varchar" name="invoicefilename" nullable="false" length="255" comment="Pdf Template Name"/>
    <column xsi:type="text" name="invoice_template_data" nullable="false" comment="Pdf Template data HTML"/>
    <column xsi:type="int" name="invoice_horizontal_barcode" padding="11" unsigned="false" nullable="false" identity="false" default="0" comment="Horizontal Barcode"/>
    <column xsi:type="int" name="invoice_vertical_barcode" padding="11" unsigned="false" nullable="false" identity="false" default="0" comment="Vertical Barcode place"/>
    <column xsi:type="int" name="template_id" padding="10" unsigned="true" nullable="false" identity="false" comment="pdf template id"/>
    <constraint xsi:type="primary" referenceId="PRIMARY">
      <column name="id"/>
    </constraint>
    <constraint xsi:type="foreign" referenceId="FK_F16C82F41DB6AC2DDF33E6B7E0DB6216" table="mageants_invoice_pdftemplate" column="template_id" referenceTable="mageants_pdftemplate" referenceColumn="template_id" onDelete="CASCADE"/>
    <index referenceId="MAGEANTS_INVOICE_PDFTEMPLATE_INVOICEFILENAME" indexType="fulltext">
      <column name="invoicefilename"/>
    </index>
  </table>
  <table name="mageants_shipment_pdftemplate" resource="default" engine="innodb" comment="mageants_shipment_pdftemplate">
    <column xsi:type="int" name="id" padding="10" unsigned="true" nullable="false" identity="true" comment="Id"/>
    <column xsi:type="varchar" name="shipmentfilename" nullable="false" length="255" comment="Pdf Template Name"/>
    <column xsi:type="text" name="shipment_template_data" nullable="false" comment="Pdf Template Data HTML"/>
    <column xsi:type="int" name="shipment_horizontal_barcode" padding="11" unsigned="false" nullable="false" identity="false" default="0" comment="Horizontal Barcode"/>
    <column xsi:type="int" name="shipment_vertical_barcode" padding="11" unsigned="false" nullable="false" identity="false" default="0" comment="Vertical Barcode place"/>
    <column xsi:type="int" name="template_id" padding="10" unsigned="true" nullable="false" identity="false" comment="Pdf Template id"/>
    <constraint xsi:type="primary" referenceId="PRIMARY">
      <column name="id"/>
    </constraint>
    <constraint xsi:type="foreign" referenceId="FK_4194DB8FFCE9A7685776D12C738D25FE" table="mageants_shipment_pdftemplate" column="template_id" referenceTable="mageants_pdftemplate" referenceColumn="template_id" onDelete="CASCADE"/>
    <index referenceId="MAGEANTS_SHIPMENT_PDFTEMPLATE_SHIPMENTFILENAME" indexType="fulltext">
      <column name="shipmentfilename"/>
    </index>
  </table>
  <table name="mageants_creditmemo_pdftemplate" resource="default" engine="innodb" comment="mageants_creditmemo_pdftemplate">
    <column xsi:type="int" name="id" padding="10" unsigned="true" nullable="false" identity="true" comment="Id"/>
    <column xsi:type="varchar" name="memofilename" nullable="false" length="255" comment="Pdf Template Name"/>
    <column xsi:type="text" name="creditmemo_template_data" nullable="false" comment="Pdf Template Setting  Data HTML"/>
    <column xsi:type="int" name="memo_horizontal_barcode" padding="11" unsigned="false" nullable="false" identity="false" default="0" comment="Horizontal Barcode"/>
    <column xsi:type="int" name="memo_vertical_barcode" padding="11" unsigned="false" nullable="false" identity="false" default="0" comment="Vertical Barcode place"/>
    <column xsi:type="int" name="template_id" padding="10" unsigned="true" nullable="false" identity="false" comment="Pdf Template Id"/>
    <constraint xsi:type="primary" referenceId="PRIMARY">
      <column name="id"/>
    </constraint>
    <constraint xsi:type="foreign" referenceId="FK_D0F346AB80E8B5B9F669C40003E7EC1E" table="mageants_creditmemo_pdftemplate" column="template_id" referenceTable="mageants_pdftemplate" referenceColumn="template_id" onDelete="CASCADE"/>
    <index referenceId="MAGEANTS_SHIPMENT_PDFTEMPLATE_MEMOFILENAME" indexType="fulltext">
      <column name="memofilename"/>
    </index>
  </table>
  <table name="mageants_default_template" resource="default" engine="innodb" comment="mageants_default_template">
    <column xsi:type="int" name="id" padding="10" unsigned="true" nullable="false" identity="true" comment="Id"/>
    <column xsi:type="text" name="default_template_data" nullable="false" comment="Pdf Template Setting  in serialize form"/>
    <constraint xsi:type="primary" referenceId="PRIMARY">
      <column name="id"/>
    </constraint>
  </table>
</schema>
