<?xml version="1.0"?>
<!--
/**
 * @category  Mageants PdfInvoice
 * @package   Mageants_PdfInvoice
 * @copyright Copyright (c) 2018 mageants
 * @author Mageants Team <info@mageants.com>
 */
 -->
<config xmlns:xsi="http://www.w3.org/2001/XMLSchema-instance" xsi:noNamespaceSchemaLocation="../../../../../lib/internal/Magento/Framework/ObjectManager/etc/config.xsd">
	
	<virtualType name="MageantsPdfInvoiceGirdFilterPool" type="Magento\Framework\View\Element\UiComponent\DataProvider\FilterPool">
        <arguments>
            <argument name="appliers" xsi:type="array">
                <item name="regular" xsi:type="object">Magento\Framework\View\Element\UiComponent\DataProvider\RegularFilter</item>
                <item name="fulltext" xsi:type="object">Magento\Framework\View\Element\UiComponent\DataProvider\FulltextFilter</item>
            </argument>
        </arguments>
    </virtualType>	
	
	<!-- Start Pdf Template Settigns XML-->
	<virtualType name="MageantsPdfInvoicePdftemplateGridDataProvider" type="Magento\Framework\View\Element\UiComponent\DataProvider\DataProvider">
        <arguments>
            <argument name="collection" xsi:type="object" shared="false">Mageants\PdfInvoice\Model\ResourceModel\Pdftemplate\Collection</argument>
            <argument name="filterPool" xsi:type="object" shared="false">MageantsPdfInvoiceGirdFilterPool</argument>
        </arguments>
    </virtualType>
	<type name="Mageants\PdfInvoice\Model\ResourceModel\Pdftemplate\Grid\Collection">
        <arguments>
            <argument name="mainTable" xsi:type="string">mageants_pdftemplate</argument>
            <argument name="eventPrefix" xsi:type="string">mageants_pdfinvoice_pdftemplate_grid_collection</argument>
            <argument name="eventObject" xsi:type="string">pdftemplate_grid_collection</argument>
            <argument name="resourceModel" xsi:type="string">Mageants\PdfInvoice\Model\ResourceModel\Pdftemplate</argument>
        </arguments>
    </type>
	<!-- End Pdf Template Settigns XML-->
	
    <type name="Magento\Framework\View\Element\UiComponent\DataProvider\CollectionFactory">
        <arguments>
            <argument name="collections" xsi:type="array">
				<item name="mageants_pdfinvoice_pdftemplate_listing_data_source" xsi:type="string">Mageants\PdfInvoice\Model\ResourceModel\Pdftemplate\Grid\Collection</item>				
            </argument>
        </arguments>
    </type>
    
    <preference for="Magento\Sales\Model\Order\Email\Sender\OrderSender" type="Mageants\PdfInvoice\Model\Mail\Sender\OrderSender"/>
	<preference for="Magento\Sales\Block\Order\Info\Buttons" type="Mageants\PdfInvoice\Block\Order\Info\Buttons" />
    <type name="Magento\Framework\Mail\TransportInterfaceFactory">
        <plugin name="mageants_pdfinvoice_transportfactory" type="Mageants\PdfInvoice\Plugin\TransportFactory"/>
    </type>
    <preference for="Mageants\PdfInvoice\Model\Api\AttachmentContainerInterface" type="Mageants\PdfInvoice\Model\AttachmentContainer"/>
    <preference for="Mageants\PdfInvoice\Model\Api\MailProcessorInterface" type="Mageants\PdfInvoice\Model\MailProcessor"/>
    <type name="Magento\Framework\Mail\Template\TransportBuilder">
        <plugin name="mageants_pdfinvoice_transportbuilder" type="Mageants\PdfInvoice\Plugin\TransportBuilder"/>
    </type>
     <preference for="Mageants\PdfInvoice\Model\Api\PdfRendererInterface" type="Mageants\PdfInvoice\Model\PdfRenderer"/>
     <type name="\Mageants\PdfInvoice\Observer\AbstractSendOrderObserver">
        <arguments>
            <argument name="pdfRenderer" xsi:type="object">\Mageants\PdfInvoice\Model\PdfRenderer</argument>
        </arguments>
    </type>
    
</config>
