<?xml version="1.0"?>

<config xmlns:xsi="http://www.w3.org/2001/XMLSchema-instance"
        xsi:noNamespaceSchemaLocation="urn:magento:framework:Event/etc/events.xsd">
    
    <event name="mageants_pdfinvoice_before_send_order">
        <observer name="mageants_pdfinvoice_before_send_order_observer" instance="Mageants\PdfInvoice\Observer\BeforeSendOrderObserver"/>
    </event>
	<event name="mageants_pdfinvoice_before_send_order_comment">
        <observer name="mageants_pdfinvoices_before_send_order_comment_observer" instance="Mageants\PdfInvoice\Observer\BeforeSendOrderCommentObserver"/>
    </event>    

    <event name="mageants_pdfinvoice_before_send_invoice">
        <observer name="mageants_pdfinvoice_before_send_invoice_observer"
                  instance="Mageants\PdfInvoice\Observer\BeforeSendInvoiceObserver"/>
    </event>
    <event name="mageants_pdfinvoice_before_send_invoice_comment">
        <observer name="mageants_pdfinvoice_before_send_invoice_comment_observer"
                  instance="Mageants\PdfInvoice\Observer\BeforeSendInvoiceCommentObserver"/>
    </event>

    <event name="mageants_pdfinvoice_before_send_shipment">
        <observer name="mageants_pdfinvoice_before_send_shipment_observer"
                  instance="Mageants\PdfInvoice\Observer\BeforeSendShipmentObserver"/>
    </event>

    <event name="mageants_pdfinvoice_before_send_shipment_comment">
        <observer name="mageants_pdfinvoice_before_send_shipment_comment_observer"
                  instance="Mageants\PdfInvoice\Observer\BeforeSendShipmentCommentObserver"/>
    </event>

    <event name="mageants_pdfinvoice_before_send_creditmemo">
        <observer name="mageants_pdfinvoice_before_send_creditmemo_observer"
                  instance="Mageants\PdfInvoice\Observer\BeforeSendCreditmemoObserver"/>
    </event>

    <event name="mageants_pdfinvoice_before_send_creditmemo_comment">
        <observer name="mageants_pdfinvoice_before_send_creditmemo_comment_observer"
                  instance="Mageants\PdfInvoice\Observer\BeforeSendCreditmemoCommentObserver"/>
    </event>

</config>
