<?xml version="1.0"?>
<!--
/**
 * ||GEISSWEB| EU VAT Enhanced
 *
 * NOTICE OF LICENSE
 *
 * This source file is subject to the GEISSWEB End User License Agreement
 * that is available through the world-wide-web at this URL: https://www.geissweb.de/legal-information/eula
 *
 * DISCLAIMER
 *
 * Do not edit this file if you wish to update the extension in the future. If you wish to customize the extension
 * for your needs please refer to our support for more information.
 *
 * @copyright   Copyright (c) 2015 GEISS Weblösungen (https://www.geissweb.de)
 * @license     https://www.geissweb.de/legal-information/eula GEISSWEB End User License Agreement
 */
-->
<config xmlns:xsi="http://www.w3.org/2001/XMLSchema-instance" xsi:noNamespaceSchemaLocation="urn:magento:framework:ObjectManager/etc/config.xsd">
    <type name="Magento\Framework\Notification\MessageList">
        <arguments>
            <argument name="messages" xsi:type="array">
                <item name="euvat_setup_notice" xsi:type="string">Geissweb\Euvat\Model\System\SetupNotice</item>
            </argument>
        </arguments>
    </type>
    <preference for="Magento\Customer\Block\Adminhtml\Sales\Order\Address\Form\Renderer\Vat"
                type="Geissweb\Euvat\Block\Adminhtml\SalesOrderAddressFormRendererVat"/>

    <!-- Plugin for customer_address_form (M2.3.1+) -->
    <type name="Magento\Framework\View\Element\UiComponent\Processor">
        <plugin name="Geissweb_FieldVatId" type="Geissweb\Euvat\Plugin\Adminhtml\Form\CustomerAddress" sortOrder="10" disabled="false" />
    </type>
</config>
