category_id,store_id,parent,is_active,include_in_menu,name,image,description,landing_page,display_mode,is_anchor,available_sort_by,default_sort_by,filter_price_range,url_key,meta_title,meta_keywords,meta_description,product_sku,custom_design,position,page_layout,custom_design_from,custom_design_to,custom_use_parent_settings,custom_apply_to_products,custom_layout_update
1,0,,1,1,Lamiacia,lamiacia-logo.jpg,"<p><img src=""{{media url=""wysiwyg/img-01.png""}}"" width=""1198"" height=""368"" />This is Lamiacia description</p>",2,PRODUCTS,1,"position,name,price",position,55.55,lamiacia,Meta Title,Meta Keywords,Meta Description,"24-WB07:1,24-WB01:2,24-UB02:3",1,2,2columns-left,2019/2/13,2019/2/15,0,0,
,0,1,1,1,Pink Category,pink.jpg,"<p><img src=""{{media url=""wysiwyg/img-02.png""}}"" width=""1198"" height=""368"" />This is Pink Category description</p>",2,PRODUCTS,1,"position,name",name,66.66,pink category ,Meta Title,Meta Keywords,Meta Description,,3,2,2columns-left,2019/2/13,2019/2/15,0,0,
,0,1,1,1,White Snow Category,white-snow.jpg,"<p><img src=""{{media url=""wysiwyg/img-03.png""}}"" width=""1198"" height=""368"" />This is white snow category description</p>",,PRODUCTS,1,"position,price",name,77.77,white category,Meta Title,Meta Keywords,Meta Description,"24-WB07:1,24-WB01:2,24-UB02:3",2,2,2columns-left,2019/2/13,2019/2/15,0,0,
,0,1,1,1,Tiger Eye Category,tiger-eye.jpg,<h1>This is tiger eye category description</h1>,,PRODUCTS,1,,price,88.88,tiger eye,Meta Title,Meta Keywords,Meta Description,,3,2,2columns-left,2019/2/13,2019/2/15,0,0,
